round,sender,receiver,sent_clock,receiver_clock_after,sync_delay_s,lamport_order_ok,wallclock_order_ok
1,core-node,edge-node-a,54,55,0.01271,1,1
1,core-node,edge-node-b,54,55,0.00886,1,0
1,edge-node-a,core-node,56,57,0.00421,1,1
1,edge-node-a,edge-node-b,56,57,0.00435,1,0
1,edge-node-b,core-node,58,59,0.01165,1,1
1,edge-node-b,edge-node-a,58,59,0.00749,1,1
2,core-node,edge-node-a,60,61,0.00881,1,1
2,core-node,edge-node-b,60,61,0.00626,1,0
2,edge-node-a,core-node,62,63,0.00396,1,1
2,edge-node-a,edge-node-b,62,63,0.00346,1,0
2,edge-node-b,core-node,64,65,0.00483,1,1
2,edge-node-b,edge-node-a,64,65,0.00337,1,1
3,core-node,edge-node-a,66,67,0.0041,1,1
3,core-node,edge-node-b,66,67,0.00405,1,0
3,edge-node-a,core-node,68,69,0.00643,1,1
3,edge-node-a,edge-node-b,68,69,0.00777,1,0
3,edge-node-b,core-node,70,71,0.00641,1,1
3,edge-node-b,edge-node-a,70,71,0.00599,1,1
4,core-node,edge-node-a,72,73,0.01236,1,1
4,core-node,edge-node-b,72,73,0.0135,1,0
4,edge-node-a,core-node,74,75,0.01165,1,1
4,edge-node-a,edge-node-b,74,75,0.01277,1,0
4,edge-node-b,core-node,76,77,0.0097,1,1
4,edge-node-b,edge-node-a,76,77,0.01099,1,1
5,core-node,edge-node-a,78,79,0.01388,1,1
5,core-node,edge-node-b,78,79,0.01261,1,0
5,edge-node-a,core-node,81,82,0.00647,1,1
5,edge-node-a,edge-node-b,81,82,0.00627,1,0
5,edge-node-b,core-node,84,86,0.0033,1,1
5,edge-node-b,edge-node-a,84,85,0.00313,1,1
6,core-node,edge-node-a,87,88,0.00476,1,1
6,core-node,edge-node-b,87,88,0.00442,1,0
6,edge-node-a,core-node,89,90,0.00919,1,1
6,edge-node-a,edge-node-b,89,90,0.00544,1,0
6,edge-node-b,core-node,91,92,0.00406,1,1
6,edge-node-b,edge-node-a,91,92,0.00363,1,1
7,core-node,edge-node-a,93,94,0.00469,1,1
7,core-node,edge-node-b,93,94,0.00473,1,0
7,edge-node-a,core-node,95,96,0.00898,1,1
7,edge-node-a,edge-node-b,95,96,0.00711,1,0
7,edge-node-b,core-node,97,98,0.00612,1,1
7,edge-node-b,edge-node-a,97,98,0.0069,1,1
8,core-node,edge-node-a,99,100,0.0056,1,1
8,core-node,edge-node-b,99,100,0.00545,1,0
8,edge-node-a,core-node,101,102,0.00349,1,1
8,edge-node-a,edge-node-b,101,102,0.00314,1,0
8,edge-node-b,core-node,103,104,0.00633,1,1
8,edge-node-b,edge-node-a,103,104,0.00563,1,1
9,core-node,edge-node-a,105,106,0.00308,1,1
9,core-node,edge-node-b,105,106,0.00333,1,0
9,edge-node-a,core-node,107,108,0.00349,1,1
9,edge-node-a,edge-node-b,107,108,0.003,1,0
9,edge-node-b,core-node,109,110,0.00596,1,1
9,edge-node-b,edge-node-a,109,110,0.00473,1,1
10,core-node,edge-node-a,111,112,0.00593,1,1
10,core-node,edge-node-b,111,112,0.00518,1,0
10,edge-node-a,core-node,113,114,0.0091,1,1
10,edge-node-a,edge-node-b,113,114,0.00722,1,0
10,edge-node-b,core-node,115,116,0.00523,1,1
10,edge-node-b,edge-node-a,115,116,0.00545,1,1
11,core-node,edge-node-a,117,118,0.01062,1,1
11,core-node,edge-node-b,117,118,0.00608,1,0
11,edge-node-a,core-node,119,120,0.00359,1,1
11,edge-node-a,edge-node-b,119,120,0.00342,1,0
11,edge-node-b,core-node,121,122,0.01096,1,1
11,edge-node-b,edge-node-a,121,122,0.00758,1,1
12,core-node,edge-node-a,123,124,0.01242,1,1
12,core-node,edge-node-b,123,124,0.01164,1,0
12,edge-node-a,core-node,125,126,0.01061,1,1
12,edge-node-a,edge-node-b,125,126,0.00631,1,0
12,edge-node-b,core-node,127,128,0.014,1,1
12,edge-node-b,edge-node-a,127,128,0.01054,1,1
13,core-node,edge-node-a,129,130,0.00964,1,1
13,core-node,edge-node-b,129,130,0.01084,1,0
13,edge-node-a,core-node,131,132,0.00958,1,1
13,edge-node-a,edge-node-b,131,132,0.00894,1,0
13,edge-node-b,core-node,133,134,0.01154,1,1
13,edge-node-b,edge-node-a,133,134,0.01058,1,1
14,core-node,edge-node-a,135,136,0.01472,1,1
14,core-node,edge-node-b,135,136,0.00983,1,0
14,edge-node-a,core-node,137,138,0.01185,1,1
14,edge-node-a,edge-node-b,137,138,0.0107,1,0
14,edge-node-b,core-node,139,140,0.01082,1,1
14,edge-node-b,edge-node-a,139,140,0.01087,1,1
15,core-node,edge-node-a,141,142,0.01077,1,1
15,core-node,edge-node-b,141,142,0.00939,1,0
15,edge-node-a,core-node,143,144,0.01168,1,1
15,edge-node-a,edge-node-b,143,144,0.01243,1,0
15,edge-node-b,core-node,145,146,0.01124,1,1
15,edge-node-b,edge-node-a,145,146,0.01145,1,1
16,core-node,edge-node-a,147,148,0.01166,1,1
16,core-node,edge-node-b,147,148,0.00711,1,0
16,edge-node-a,core-node,149,150,0.0107,1,1
16,edge-node-a,edge-node-b,149,150,0.01179,1,0
16,edge-node-b,core-node,151,152,0.00867,1,1
16,edge-node-b,edge-node-a,151,152,0.0065,1,1
17,core-node,edge-node-a,153,154,0.01028,1,1
17,core-node,edge-node-b,153,154,0.0077,1,0
17,edge-node-a,core-node,155,156,0.01108,1,1
17,edge-node-a,edge-node-b,155,156,0.00726,1,0
17,edge-node-b,core-node,157,158,0.01065,1,1
17,edge-node-b,edge-node-a,157,158,0.00931,1,1
18,core-node,edge-node-a,159,160,0.01089,1,1
18,core-node,edge-node-b,159,160,0.00638,1,0
18,edge-node-a,core-node,161,162,0.01098,1,1
18,edge-node-a,edge-node-b,161,162,0.00813,1,0
18,edge-node-b,core-node,163,164,0.01016,1,1
18,edge-node-b,edge-node-a,163,164,0.01008,1,1
19,core-node,edge-node-a,165,166,0.01093,1,1
19,core-node,edge-node-b,165,166,0.00635,1,0
19,edge-node-a,core-node,167,168,0.01133,1,1
19,edge-node-a,edge-node-b,167,168,0.00764,1,0
19,edge-node-b,core-node,169,170,0.01039,1,1
19,edge-node-b,edge-node-a,169,170,0.0095,1,1
20,core-node,edge-node-a,173,174,0.00625,1,1
20,core-node,edge-node-b,173,174,0.00532,1,0
20,edge-node-a,core-node,175,176,0.01045,1,1
20,edge-node-a,edge-node-b,175,176,0.00884,1,0
20,edge-node-b,core-node,177,178,0.01195,1,1
20,edge-node-b,edge-node-a,177,178,0.01198,1,1
