node,timestamp,latency,cpu_percent,memory_percent,success
core-node,1790567161.683537,0.11902546882629395,4.0,65.0,1
edge-node-a,1790567161.8026252,0.13001608848571777,49.1,65.0,1
edge-node-b,1790567161.932699,0.12124896049499512,46.4,65.1,1
core-node,1790567162.6838021,0.11022543907165527,21.4,65.2,1
edge-node-a,1790567162.794101,0.12786340713500977,33.3,65.1,1
edge-node-b,1790567162.9220045,0.12456107139587402,22.4,65.1,1
core-node,1790567163.684447,0.11778545379638672,35.7,65.1,1
edge-node-a,1790567163.802286,0.11121582984924316,24.1,65.2,1
edge-node-b,1790567163.9135637,0.11062884330749512,16.7,65.2,1
core-node,1790567164.684886,0.12963032722473145,20.8,65.1,1
edge-node-a,1790567164.8145988,0.11392736434936523,43.6,65.1,1
edge-node-b,1790567164.9286094,0.1218109130859375,25.0,65.1,1
core-node,1790567165.6858666,0.12006855010986328,10.4,65.1,1
edge-node-a,1790567165.8060617,0.14162373542785645,98.0,65.1,1
edge-node-b,1790567165.9477696,0.1168828010559082,33.3,65.3,1
core-node,1790567166.6863883,0.11432981491088867,16.3,65.3,1
edge-node-a,1790567166.800806,0.11656689643859863,83.3,65.4,1
edge-node-b,1790567166.9174519,0.11559772491455078,24.5,65.4,1
core-node,1790567167.6866343,0.11315751075744629,28.0,65.4,1
edge-node-a,1790567167.7998822,0.11569833755493164,33.3,65.4,1
edge-node-b,1790567167.9156566,0.13200807571411133,22.9,65.4,1
core-node,1790567168.686872,0.11143779754638672,14.0,65.4,1
edge-node-a,1790567168.7983866,0.13039255142211914,25.9,65.4,1
edge-node-b,1790567168.928853,0.13222956657409668,17.9,65.4,1
core-node,1790567169.6872997,0.12474632263183594,18.0,65.4,1
edge-node-a,1790567169.8121462,0.11655092239379883,42.0,65.4,1
edge-node-b,1790567169.9288118,0.1391310691833496,22.0,65.4,1
core-node,1790567170.6875794,0.12917590141296387,26.5,65.1,1
edge-node-a,1790567170.8168397,0.11738801002502441,46.7,65.1,1
edge-node-b,1790567170.9343035,0.13329529762268066,31.2,65.0,1
core-node,1790567171.6884167,0.11568522453308105,21.1,65.0,1
edge-node-a,1790567171.80417,0.12709927558898926,29.8,65.0,1
edge-node-b,1790567171.931346,0.11701560020446777,12.5,65.0,1
core-node,1790567172.6888177,0.11474823951721191,9.3,65.0,1
edge-node-a,1790567172.8036494,0.1310112476348877,27.3,65.0,1
edge-node-b,1790567172.9347522,0.13453936576843262,27.1,65.0,1
core-node,1790567173.6895115,0.11317706108093262,22.4,65.0,1
edge-node-a,1790567173.8027806,0.11537981033325195,33.9,65.0,1
edge-node-b,1790567173.9182305,0.11460089683532715,14.0,65.0,1
core-node,1790567174.6900873,0.1135256290435791,17.6,64.9,1
edge-node-a,1790567174.803696,0.11397910118103027,30.4,64.9,1
edge-node-b,1790567174.917769,0.12615728378295898,10.5,64.9,1
core-node,1790567175.6907325,0.11531662940979004,17.2,64.3,1
edge-node-a,1790567175.8061419,0.11590242385864258,37.5,64.3,1
edge-node-b,1790567175.9221141,0.11448788642883301,20.4,64.3,1
core-node,1790567176.6918397,0.12714600563049316,14.3,64.2,1
edge-node-a,1790567176.8190663,0.12957119941711426,23.2,64.3,1
edge-node-b,1790567176.9487283,0.12816429138183594,19.6,64.3,1
core-node,1790567177.6921344,0.12392854690551758,10.4,64.2,1
edge-node-a,1790567177.8161557,0.11472725868225098,35.6,64.2,1
edge-node-b,1790567177.9310246,0.11254334449768066,18.2,64.2,1
core-node,1790567178.6928353,0.11214232444763184,19.0,64.2,1
edge-node-a,1790567178.8050365,0.11227726936340332,31.0,64.2,1
edge-node-b,1790567178.9174132,0.11608386039733887,10.4,64.2,1
core-node,1790567179.6930366,0.11311817169189453,17.5,64.2,1
edge-node-a,1790567179.806221,0.12564635276794434,20.3,64.2,1
edge-node-b,1790567179.9319594,0.11614537239074707,16.7,64.2,1
core-node,1790567180.6935496,0.12504959106445312,17.0,64.2,1
edge-node-a,1790567180.8186796,0.12911248207092285,20.7,64.2,1
edge-node-b,1790567180.9478576,0.12722563743591309,9.1,64.2,1
core-node,1790567181.6939135,0.12876629829406738,9.1,64.2,1
edge-node-a,1790567181.8227677,0.1144556999206543,38.2,64.2,1
edge-node-b,1790567181.937296,0.11645817756652832,27.3,64.2,1
core-node,1790567182.6942244,0.11445283889770508,22.4,64.2,1
edge-node-a,1790567182.8087587,0.11471700668334961,26.0,64.2,1
edge-node-b,1790567182.9235718,0.11377620697021484,21.2,64.2,1
core-node,1790567183.6945891,0.11210465431213379,15.8,64.2,1
edge-node-a,1790567183.8067997,0.12553906440734863,33.3,64.1,1
edge-node-b,1790567183.9324195,0.12565374374389648,13.2,64.2,1
core-node,1790567184.6949418,0.12729167938232422,17.9,64.2,1
edge-node-a,1790567184.8224146,0.1150200366973877,24.5,64.2,1
edge-node-b,1790567184.937523,0.12291073799133301,24.6,64.2,1
core-node,1790567185.6953166,0.11398983001708984,35.1,64.2,1
edge-node-a,1790567185.8093994,0.11310482025146484,40.8,64.1,1
edge-node-b,1790567185.9225845,0.1125788688659668,20.8,64.2,1
core-node,1790567186.695931,0.1247103214263916,15.1,64.1,1
edge-node-a,1790567186.8207483,0.11652255058288574,36.7,64.2,1
edge-node-b,1790567186.9373682,0.11670637130737305,16.4,64.2,1
core-node,1790567187.6967418,0.11171913146972656,32.2,64.1,1
edge-node-a,1790567187.8085356,0.1135256290435791,33.3,64.1,1
edge-node-b,1790567187.9221382,0.11360859870910645,25.0,64.1,1
core-node,1790567188.6976585,0.12537741661071777,28.1,64.2,1
edge-node-a,1790567188.823143,0.11687827110290527,32.0,64.2,1
edge-node-b,1790567188.9401233,0.12421059608459473,14.6,64.2,1
core-node,1790567189.6986291,0.1128840446472168,12.5,64.1,1
edge-node-a,1790567189.8116283,0.11547279357910156,24.0,64.2,1
edge-node-b,1790567189.9271822,0.11331939697265625,1.9,64.2,1
core-node,1790567190.6991973,0.1342148780822754,25.0,64.2,1
edge-node-a,1790567190.8335164,0.12680697441101074,29.3,64.2,1
edge-node-b,1790567190.9604197,0.1165628433227539,13.0,64.2,1
core-node,1790567191.6996715,0.11751651763916016,28.0,64.2,1
edge-node-a,1790567191.8172572,0.12914419174194336,30.9,64.2,1
edge-node-b,1790567191.946489,0.11544632911682129,16.4,64.2,1
core-node,1790567192.7002876,0.13110041618347168,25.5,64.2,1
edge-node-a,1790567192.8314643,0.11493563652038574,38.6,64.2,1
edge-node-b,1790567192.9464872,0.11274600028991699,22.0,64.2,1
core-node,1790567193.7009525,0.11375164985656738,6.0,64.2,1
edge-node-a,1790567193.8147743,0.12890219688415527,28.8,64.2,1
edge-node-b,1790567193.9437556,0.11401057243347168,14.5,64.2,1
core-node,1790567194.7020383,0.11221718788146973,36.0,64.2,1
edge-node-a,1790567194.8143272,0.11348676681518555,35.3,64.2,1
edge-node-b,1790567194.9279199,0.1290571689605713,7.4,64.2,1
core-node,1790567195.7026043,0.11305594444274902,20.4,64.2,1
edge-node-a,1790567195.8157523,0.1309957504272461,16.7,64.2,1
edge-node-b,1790567195.9468374,0.11628293991088867,20.0,64.2,1
core-node,1790567196.7031133,0.11372089385986328,16.7,64.2,1
edge-node-a,1790567196.8169513,0.1357560157775879,43.4,64.2,1
edge-node-b,1790567196.9527946,0.11671566963195801,32.1,64.2,1
core-node,1790567197.7040625,0.11971592903137207,18.5,64.2,1
edge-node-a,1790567197.8238661,0.11359405517578125,27.1,64.2,1
edge-node-b,1790567197.9375489,0.11473608016967773,12.5,64.2,1
core-node,1790567198.704877,0.13677620887756348,10.7,64.1,1
edge-node-a,1790567198.841754,0.11591362953186035,14.6,64.2,1
edge-node-b,1790567198.957762,0.12523603439331055,6.2,64.2,1
core-node,1790567199.7053797,0.12521100044250488,8.3,64.3,1
edge-node-a,1790567199.8306646,0.1125955581665039,38.0,64.3,1
edge-node-b,1790567199.9433258,0.12258505821228027,18.4,64.3,1
core-node,1790567200.706027,0.13298630714416504,14.3,64.3,1
edge-node-a,1790567200.8390813,0.11523556709289551,38.3,64.3,1
edge-node-b,1790567200.954404,0.11481523513793945,8.3,64.3,1
core-node,1790567201.7065604,0.13655662536621094,16.3,64.3,1
edge-node-a,1790567201.8431866,0.12865614891052246,39.6,64.3,1
edge-node-b,1790567201.9719107,0.1304621696472168,9.4,64.3,1
core-node,1790567202.707275,0.11761617660522461,35.7,64.3,1
edge-node-a,1790567202.8249953,0.11384344100952148,70.8,64.3,1
edge-node-b,1790567202.938942,0.11542153358459473,21.4,64.3,1
core-node,1790567203.7090824,0.14022088050842285,100.0,64.3,1
edge-node-a,1790567203.8493674,0.10988926887512207,63.8,64.4,1
edge-node-b,1790567203.9593008,0.10702681541442871,34.7,64.4,1
core-node,1790567204.7098038,0.11625456809997559,31.0,64.4,1
edge-node-a,1790567204.826151,0.11612153053283691,30.6,64.4,1
edge-node-b,1790567204.9423647,0.1323227882385254,11.1,64.4,1
core-node,1790567205.7104018,0.12497520446777344,30.8,64.4,1
edge-node-a,1790567205.835434,0.12810802459716797,11.3,64.3,1
edge-node-b,1790567205.9636297,0.1145179271697998,26.1,64.4,1
core-node,1790567206.711183,0.11196708679199219,13.8,64.3,1
edge-node-a,1790567206.823236,0.13407039642333984,14.6,64.3,1
edge-node-b,1790567206.957378,0.12981605529785156,9.8,64.3,1
core-node,1790567207.7117696,0.12842488288879395,10.9,64.3,1
edge-node-a,1790567207.8402588,0.11052846908569336,29.8,64.3,1
edge-node-b,1790567207.9508572,0.1218869686126709,34.5,64.3,1
core-node,1790567208.712419,0.13286733627319336,18.8,64.3,1
edge-node-a,1790567208.8453686,0.11311674118041992,31.2,64.3,1
edge-node-b,1790567208.9585483,0.11367416381835938,16.7,64.3,1
core-node,1790567209.7127275,0.12680339813232422,21.1,64.3,1
edge-node-a,1790567209.8396144,0.11392927169799805,46.9,64.3,1
edge-node-b,1790567209.9536228,0.11419367790222168,12.5,64.3,1
core-node,1790567210.713179,0.1135709285736084,15.4,64.3,1
edge-node-a,1790567210.8268461,0.11240267753601074,40.8,64.3,1
edge-node-b,1790567210.9393504,0.1365358829498291,28.3,64.3,1
core-node,1790567211.7138202,0.13268733024597168,8.3,64.2,1
edge-node-a,1790567211.8466108,0.12666082382202148,18.8,64.2,1
edge-node-b,1790567211.9733586,0.13878345489501953,100.0,64.3,1
core-node,1790567212.7142403,0.11549973487854004,12.5,64.2,1
edge-node-a,1790567212.8298378,0.1166083812713623,43.1,64.3,1
edge-node-b,1790567212.946535,0.11243939399719238,22.8,64.2,1
core-node,1790567213.7146792,0.11453366279602051,10.2,64.1,1
edge-node-a,1790567213.829288,0.11305689811706543,37.5,64.1,1
edge-node-b,1790567213.9424098,0.13670086860656738,17.0,64.1,1
core-node,1790567214.7152941,0.1276707649230957,39.3,64.1,1
edge-node-a,1790567214.8430548,0.1143183708190918,18.4,64.1,1
edge-node-b,1790567214.9574306,0.12504243850708008,12.2,64.1,1
core-node,1790567215.715532,0.11635327339172363,14.3,64.1,1
edge-node-a,1790567215.8319778,0.11854958534240723,39.7,64.1,1
edge-node-b,1790567215.9506264,0.11677765846252441,6.2,64.1,1
core-node,1790567216.716238,0.12548232078552246,20.4,63.9,1
edge-node-a,1790567216.841813,0.11396574974060059,20.8,63.9,1
edge-node-b,1790567216.9558551,0.11193323135375977,10.2,64.0,1
core-node,1790567217.7165852,0.11190342903137207,18.0,63.9,1
edge-node-a,1790567217.8285644,0.11197590827941895,29.2,63.9,1
edge-node-b,1790567217.9406018,0.11120843887329102,16.7,64.0,1
core-node,1790567218.7171412,0.12214374542236328,12.5,64.0,1
edge-node-a,1790567218.839389,0.11633872985839844,18.4,64.0,1
edge-node-b,1790567218.955843,0.1256847381591797,18.8,64.0,1
core-node,1790567219.7179694,0.11402130126953125,22.9,64.0,1
edge-node-a,1790567219.8320885,0.12402105331420898,30.6,64.0,1
edge-node-b,1790567219.9561887,0.1244661808013916,20.4,64.0,1
core-node,1790567220.7187045,0.11261606216430664,15.7,64.0,1
edge-node-a,1790567220.831421,0.1236722469329834,40.0,64.1,1
edge-node-b,1790567220.9551895,0.11391782760620117,18.8,64.1,1
